{"cameraMode":{"drawMode":0,"name":"Shaded","section":"Shading Mode"},"sceneLighting":true,"audioPlay":false,"sceneViewState":{"m_AlwaysRefresh":false,"showFog":true,"showSkybox":true,"showFlares":true,"showImageEffects":true,"showParticleSystems":true,"showVisualEffectGraphs":true,"m_FxEnabled":true},"in2DMode":false,"pivot":{"x":11.331803321838379,"y":1.865861415863037,"z":21.428348541259767},"rotation":{"x":0.24607716500759126,"y":-0.05551566928625107,"z":0.013908968307077885,"w":0.9677034616470337},"size":62.013004302978519,"orthographic":true}