{"cameraMode":{"drawMode":0,"name":"Shaded","section":"Shading Mode"},"sceneLighting":true,"audioPlay":false,"sceneViewState":{"m_AlwaysRefresh":false,"showFog":true,"showSkybox":true,"showFlares":true,"showImageEffects":true,"showParticleSystems":true,"showVisualEffectGraphs":true,"m_FxEnabled":true},"in2DMode":false,"pivot":{"x":-6.94320011138916,"y":3.0182814598083498,"z":-3.0899999141693117},"rotation":{"x":-0.45959678292274477,"y":-0.08635983616113663,"z":0.04494853690266609,"w":-0.8828017115592957},"size":2.3329837322235109,"orthographic":true}