{"cameraMode":{"drawMode":0,"name":"Shaded","section":"Shading Mode"},"sceneLighting":true,"audioPlay":false,"sceneViewState":{"m_AlwaysRefresh":false,"showFog":true,"showSkybox":true,"showFlares":true,"showImageEffects":true,"showParticleSystems":true,"showVisualEffectGraphs":true,"m_FxEnabled":true},"in2DMode":false,"pivot":{"x":11.009422302246094,"y":4.090201377868652,"z":19.93342399597168},"rotation":{"x":-0.020575132220983506,"y":0.8969958424568176,"z":-0.04168994724750519,"w":-0.44004520773887637},"size":4.789384841918945,"orthographic":true}