{"cameraMode":{"drawMode":0,"name":"Shaded","section":"Shading Mode"},"sceneLighting":true,"audioPlay":false,"sceneViewState":{"m_AlwaysRefresh":false,"showFog":true,"showSkybox":true,"showFlares":true,"showImageEffects":true,"showParticleSystems":true,"showVisualEffectGraphs":true,"m_FxEnabled":true},"in2DMode":false,"pivot":{"x":6.87256383895874,"y":5.426253318786621,"z":14.114999771118164},"rotation":{"x":0.04461583495140076,"y":0.23308353126049043,"z":-0.010705584660172463,"w":0.9713740944862366},"size":10.815601348876954,"orthographic":true}