{"cameraMode":{"drawMode":0,"name":"Shaded","section":"Shading Mode"},"sceneLighting":true,"audioPlay":false,"sceneViewState":{"m_AlwaysRefresh":false,"showFog":true,"showSkybox":true,"showFlares":true,"showImageEffects":true,"showParticleSystems":true,"showVisualEffectGraphs":true,"m_FxEnabled":true},"in2DMode":false,"pivot":{"x":10.805291175842286,"y":1.6780637502670289,"z":22.340194702148439},"rotation":{"x":-0.011425704695284367,"y":0.8102822303771973,"z":0.01580294966697693,"w":0.5859095454216003},"size":3.822305917739868,"orthographic":true}