{"cameraMode":{"drawMode":0,"name":"Shaded","section":"Shading Mode"},"sceneLighting":true,"audioPlay":false,"sceneViewState":{"m_AlwaysRefresh":false,"showFog":true,"showSkybox":true,"showFlares":true,"showImageEffects":true,"showParticleSystems":true,"showVisualEffectGraphs":true,"m_FxEnabled":true},"in2DMode":false,"pivot":{"x":1.541900634765625,"y":5.830904006958008,"z":3.3489677906036379},"rotation":{"x":0.02027856931090355,"y":-0.9376778602600098,"z":0.34270283579826357,"w":0.05549704283475876},"size":7.078419208526611,"orthographic":true}